{"cameraMode":{"drawMode":0,"name":"Shaded","section":"Shading Mode"},"sceneLighting":true,"audioPlay":false,"sceneViewState":{"showFog":true,"showMaterialUpdate":false,"showSkybox":true,"showFlares":true,"showImageEffects":true,"showParticleSystems":true},"in2DMode":false,"pivot":{"x":19.028438568115236,"y":13.471956253051758,"z":-18.13982582092285},"rotation":{"x":0.01913258619606495,"y":-0.3220077455043793,"z":0.005267170257866383,"w":0.9468652009963989},"size":0.08426248282194138,"orthographic":false}