{"cameraMode":{"drawMode":0,"name":"Shaded","section":"Shading Mode"},"sceneLighting":false,"audioPlay":false,"sceneViewState":{"showFog":true,"showMaterialUpdate":false,"showSkybox":false,"showFlares":true,"showImageEffects":true,"showParticleSystems":true},"in2DMode":false,"pivot":{"x":0.0,"y":0.8200000524520874,"z":2.2300000190734865},"rotation":{"x":0.10789666324853897,"y":0.2757299542427063,"z":-0.03222178667783737,"w":0.9549424648284912},"size":0.8613215684890747,"orthographic":false}